{"rmse": 0.05956588061895034, "mae": 0.041198855434878466, "r2": 0.9941913716961409}